{"_id":{"$oid":"5ee1f4f61500f68675d3f722"},"delivered":true,"productRows":[{"_id":{"$oid":"5ee1f4f61500f68675d3f723"},"product":{"category":["summer"],"_id":{"$oid":"5ee1196997a62a75d1e4801e"},"brand":"ERIN","price":1200,"description":"Dusty Mint Sandals","inventory":[{"size":36,"quantity":4},{"size":38,"quantity":7},{"size":42,"quantity":8},{"size":45,"quantity":8}],"image":{"$oid":"5ee1e51ee416ba7986755536"}},"items":[{"_id":{"$oid":"5ee1f4f61500f68675d3f725"},"size":36,"quantity":1}]},{"_id":{"$oid":"5ee1f4f61500f68675d3f726"},"product":{"category":["summer"],"_id":{"$oid":"5ee11a5197a62a75d1e48022"},"brand":"SETH","price":900,"description":"Black Nylon Strap Sandals","inventory":[{"size":36,"quantity":3},{"size":38,"quantity":6},{"size":42,"quantity":8},{"size":45,"quantity":10}],"image":{"$oid":"5ee1e531e416ba7986755538"}},"items":[{"_id":{"$oid":"5ee1f4f61500f68675d3f728"},"size":36,"quantity":1}]}],"user":{"$oid":"5ee1f394e416ba7986755552"},"shipping":{"$oid":"5ed60411509d62d57d226344"},"payment":"card","date":{"$date":"2020-06-11T09:10:14.531Z"},"address":{"_id":{"$oid":"5ee1f4f61500f68675d3f729"},"streetAddress":"Norra Gubberogatan 3","postalCode":41663,"city":"Gothenburg"},"__v":0}
