{"_id":{"$oid":"5ee1186297a62a75d1e4801c"},"category":["summer"],"brand":"ERIN","price":900,"description":"Natural Sandals","inventory":[{"size":36,"quantity":10},{"size":38,"quantity":2},{"size":42,"quantity":9},{"size":45,"quantity":5}],"image":{"$oid":"5ee1e506e416ba7986755535"}}
{"_id":{"$oid":"5ee1196997a62a75d1e4801e"},"category":["summer"],"brand":"ERIN","price":"1200","description":"Dusty Mint Sandals","inventory":[{"size":36,"quantity":3},{"size":38,"quantity":7},{"size":42,"quantity":8},{"size":45,"quantity":8}],"image":{"$oid":"5ee1e51ee416ba7986755536"}}
{"_id":{"$oid":"5ee119d897a62a75d1e48020"},"category":["summer"],"brand":"SETH","price":800,"description":"Blue Comb Sandals","inventory":[{"size":36,"quantity":7},{"size":38,"quantity":7},{"size":42,"quantity":10},{"size":45,"quantity":8}],"image":{"$oid":"5ee1e52ae416ba7986755537"}}
{"_id":{"$oid":"5ee11a5197a62a75d1e48022"},"category":["summer"],"brand":"SETH","price":900,"description":"Black Nylon Strap Sandals","inventory":[{"size":36,"quantity":2},{"size":38,"quantity":6},{"size":42,"quantity":8},{"size":45,"quantity":10}],"image":{"$oid":"5ee1e531e416ba7986755538"}}
{"_id":{"$oid":"5ee11bd597a62a75d1e48024"},"category":["street"],"brand":"ZOE","price":1000,"description":"Ochre Suede Shoes","inventory":[{"size":36,"quantity":10},{"size":38,"quantity":10},{"size":42,"quantity":10},{"size":45,"quantity":10}],"image":{"$oid":"5ee1ee51e416ba7986755546"}}
{"_id":{"$oid":"5ee11c4d97a62a75d1e48026"},"category":["street"],"brand":"ZOE","price":1100,"description":"Dusty Mint Buffalo Sneakers","inventory":[{"size":36,"quantity":9},{"size":38,"quantity":8},{"size":42,"quantity":7},{"size":45,"quantity":10}],"image":{"$oid":"5ee1eebae416ba7986755547"}}
{"_id":{"$oid":"5ee11ca197a62a75d1e48028"},"category":["street"],"brand":"JOHN","price":1200,"description":"Old school street","inventory":[{"size":36,"quantity":1},{"size":38,"quantity":5},{"size":42,"quantity":5},{"size":45,"quantity":10}],"image":{"$oid":"5ee1efcae416ba7986755548"}}
{"_id":{"$oid":"5ee11d4697a62a75d1e4802a"},"category":["street"],"brand":"JOHN","price":1100,"description":"Black textile","inventory":[{"size":36,"quantity":1},{"size":38,"quantity":4},{"size":42,"quantity":7},{"size":45,"quantity":3}],"image":{"$oid":"5ee1f012e416ba7986755549"}}
{"_id":{"$oid":"5ee11dd497a62a75d1e4802c"},"category":["formal","party"],"brand":"LIZ","price":900,"description":"Blue Suede","inventory":[{"size":36,"quantity":10},{"size":38,"quantity":10},{"size":42,"quantity":10},{"size":45,"quantity":10}],"image":{"$oid":"5ee1f090e416ba798675554a"}}
{"_id":{"$oid":"5ee11e3b97a62a75d1e4802e"},"category":["party"],"brand":"LIZ","price":1200,"description":"Cantaloupe Suede","inventory":[{"size":36,"quantity":8},{"size":38,"quantity":10},{"size":42,"quantity":9},{"size":45,"quantity":10}],"image":{"$oid":"5ee1f0fce416ba798675554b"}}
{"_id":{"$oid":"5ee1200c97a62a75d1e48038"},"category":["party"],"brand":"NEO","price":800,"description":"Neo Mint Heel Sandals","inventory":[{"size":36,"quantity":7},{"size":38,"quantity":5},{"size":42,"quantity":5},{"size":45,"quantity":5}],"image":{"$oid":"5ee1f154e416ba798675554c"}}
{"_id":{"$oid":"5ee1204497a62a75d1e4803a"},"category":["formal","party"],"brand":"NEO","price":1000,"description":"Toffee Leather Pumps","inventory":[{"size":36,"quantity":4},{"size":38,"quantity":3},{"size":42,"quantity":9},{"size":45,"quantity":10}],"image":{"$oid":"5ee1f1b7e416ba798675554d"}}
{"_id":{"$oid":"5ee11f6097a62a75d1e48034"},"category":["formal","party"],"brand":"DK","price":1400,"description":"DK Brandy Leather","inventory":[{"size":36,"quantity":4},{"size":38,"quantity":6},{"size":42,"quantity":2},{"size":45,"quantity":5}],"image":{"$oid":"5ee1f219e416ba798675554e"}}
{"_id":{"$oid":"5ee11f9697a62a75d1e48036"},"category":["formal","party"],"brand":"DK","price":1200,"description":"DK Black Nubuck","inventory":[{"size":36,"quantity":3},{"size":38,"quantity":6},{"size":42,"quantity":8},{"size":45,"quantity":4}],"image":{"$oid":"5ee1f2a6e416ba798675554f"}}
{"_id":{"$oid":"5ee11e8a97a62a75d1e48030"},"category":["formal","party"],"brand":"QY","price":1200,"description":"Indigo Quincy Suede","inventory":[{"size":36,"quantity":10},{"size":38,"quantity":5},{"size":42,"quantity":10},{"size":45,"quantity":3}],"image":{"$oid":"5ee1f2e3e416ba7986755550"}}
{"_id":{"$oid":"5ee11ec597a62a75d1e48032"},"category":["formal","party"],"brand":"QY","price":900,"description":"Mud Quincy Suede","inventory":[{"size":36,"quantity":4},{"size":38,"quantity":10},{"size":42,"quantity":10},{"size":45,"quantity":5}],"image":{"$oid":"5ee1f31de416ba7986755551"}}
